{
    "analysis_summary": {
        "样本总量 k": 6,
        "疲劳数据 S (MPa)": [
            500.0,
            420.0,
            350.0,
            290.0,
            240.0,
            200.0
        ],
        "疲劳数据 N (周期)": [
            47804.0,
            90087.0,
            154595.0,
            200203.0,
            1157481.0,
            10000000.0
        ]
    },
    "regression_method": "Robust(HuberT)",
    "regression_results": {
        "截距 intercept": 3.4123395558624376,
        "斜率 slope": -0.16455322528158178,
        "拟合优度 R^2": 0.886433459541793,
        "拟合优度 R^2 (调整后)": 0.8580418244272412,
        "残差标准差 sigma_total": 0.056889609697149277,
        "中值曲线方程": "log10(S) = 3.4123 + (-0.1646) * log10(N)"
    },
    "diagnostic_results": {
        "BP_P_值": 1.0,
        "异方差性结论": "同方差假设成立",
        "残差离群点数量": 0,
        "高影响点数量 (Cooks_D)": 1,
        "Cooks_D_阈值": 0.6666666666666666
    },
    "quality_score_results": {
        "总分": 78.39045547252694,
        "满分": 100,
        "分数细项": {
            "R2_score": 35.45733838167172,
            "sigma_score": 14.933117090855218,
            "BP_score": 20.0,
            "K_score": 8.0
        }
    },
    "improvement_suggestions": {
        "R2_suggestion": "拟合优度 R^2 (当前 0.8864)。建议通过排除 0 个离群点和 1 个高影响点，或检查数据是否位于稳定的线性疲劳区，以提高拟合度。",
        "Sigma_suggestion": "分散性偏大 (当前 Sigma_total: 0.0569)。建议严格控制试样加工精度、表面处理和试验载荷的稳定性，将 Sigma_total 降低到更接近于 0.0400。",
        "BP_suggestion": "异方差性不显著 (P 值 1.000)，满足同方差假设。",
        "K_suggestion": "样本量不足 (当前 k=6)。要达到最低阈值 15，建议补充采集至少 9 个新的有效样本。"
    }
}