{
    "analysis_summary": {
        "样本总量 k": 13,
        "疲劳数据 S (MPa)": [
            500.0,
            500.0,
            420.0,
            420.0,
            350.0,
            350.0,
            350.0,
            310.0,
            310.0,
            290.0,
            290.0,
            290.0,
            240.0
        ],
        "疲劳数据 N (周期)": [
            86799.0,
            75911.0,
            133896.0,
            142737.0,
            246833.0,
            240400.0,
            241529.0,
            10000000.0,
            10000000.0,
            541682.0,
            10000000.0,
            10000000.0,
            10000000.0
        ]
    },
    "regression_method": "OLS",
    "regression_results": {
        "截距 intercept": 3.067536933681096,
        "斜率 slope": -0.08898809224054709,
        "拟合优度 R^2": 0.7009879011405055,
        "拟合优度 R^2 (调整后)": 0.6738049830623696,
        "残差标准差 sigma_total": 0.05536865969780575,
        "中值曲线方程": "log10(S) = 3.0675 + (-0.0890) * log10(N)"
    },
    "diagnostic_results": {
        "BP_P_值": 1.0,
        "异方差性结论": "同方差假设成立",
        "残差离群点数量": 0,
        "高影响点数量 (Cooks_D)": 0,
        "Cooks_D_阈值": 0.3076923076923077
    },
    "quality_score_results": {
        "总分": 80.76225146961183,
        "满分": 100,
        "分数细项": {
            "R2_score": 28.039516045620218,
            "sigma_score": 15.389402090658274,
            "BP_score": 20.0,
            "K_score": 17.333333333333336
        }
    },
    "improvement_suggestions": {
        "R2_suggestion": "拟合优度 R^2 (当前 0.7010)。建议通过排除 0 个离群点和 0 个高影响点，或检查数据是否位于稳定的线性疲劳区，以提高拟合度。",
        "Sigma_suggestion": "分散性偏大 (当前 Sigma_total: 0.0554)。建议严格控制试样加工精度、表面处理和试验载荷的稳定性，将 Sigma_total 降低到更接近于 0.0400。",
        "BP_suggestion": "异方差性不显著 (P 值 1.000)，满足同方差假设。",
        "K_suggestion": "样本量不足 (当前 k=13)。要达到最低阈值 15，建议补充采集至少 2 个新的有效样本。"
    }
}