{
    "analysis_summary": {
        "样本总量 k": 18,
        "疲劳数据 S (MPa)": [
            480.0,
            480.0,
            480.0,
            430.0,
            430.0,
            430.0,
            390.0,
            390.0,
            390.0,
            350.0,
            350.0,
            350.0,
            320.0,
            320.0,
            320.0,
            305.0,
            305.0,
            305.0
        ],
        "疲劳数据 N (周期)": [
            99277.0,
            90857.0,
            61468.0,
            55347.0,
            110557.0,
            89145.0,
            279004.0,
            162150.0,
            167378.0,
            474648.0,
            261413.0,
            797623.0,
            1479676.0,
            10000000.0,
            965069.0,
            2154220.0,
            10000000.0,
            10000000.0
        ]
    },
    "regression_method": "Robust(HuberT)",
    "regression_results": {
        "截距 intercept": 3.0372812392059605,
        "斜率 slope": -0.08211715080883633,
        "拟合优度 R^2": 0.7887617437604041,
        "拟合优度 R^2 (调整后)": 0.7755593527454293,
        "残差标准差 sigma_total": 0.03279648483158011,
        "中值曲线方程": "log10(S) = 3.0373 + (-0.0821) * log10(N)"
    },
    "diagnostic_results": {
        "BP_P_值": 1.0,
        "异方差性结论": "同方差假设成立",
        "残差离群点数量": 0,
        "高影响点数量 (Cooks_D)": 1,
        "Cooks_D_阈值": 0.2222222222222222
    },
    "quality_score_results": {
        "总分": 91.55046975041617,
        "满分": 100,
        "分数细项": {
            "R2_score": 31.550469750416163,
            "sigma_score": 20.0,
            "BP_score": 20.0,
            "K_score": 20.0
        }
    },
    "improvement_suggestions": {
        "R2_suggestion": "拟合优度 R^2 (当前 0.7888)。建议通过排除 0 个离群点和 1 个高影响点，或检查数据是否位于稳定的线性疲劳区，以提高拟合度。",
        "Sigma_suggestion": "分散性表现较好(当前 Sigma_total: 0.0328)，超过预设目标0.0400 (若满分则Sigma为0)。建议保持当前精度，属于高品质疲劳数据。",
        "BP_suggestion": "异方差性不显著 (P 值 1.000)，满足同方差假设。",
        "K_suggestion": "样本量充足 (k=18)，满足最低阈值要求。"
    }
}